{
    "element_acc": 0.5374149659863946,
    "action_f1": 0.6794658604182412,
    "step_acc": 0.46258503401360546,
    "marco_element_acc": 0.6171765409774563,
    "marco_action_f1": 0.7259167673977251,
    "marco_step_acc": 0.5370691133173972,
    "error_ratio": {
        ">3": 0.42,
        "0": 0.12,
        "2": 0.16,
        "1": 0.12,
        "3": 0.18
    },
    "acc_per_website": {
        "seatgeek": [
            0.393939393939394,
            3
        ],
        "kohls": [
            0.6388888888888888,
            2
        ],
        "budget": [
            0.35714285714285715,
            1
        ],
        "carmax": [
            0.5964912280701754,
            2
        ],
        "delta": [
            0.7922077922077921,
            2
        ],
        "ticketcenter": [
            0.3,
            3
        ],
        "sixflags": [
            0.6182121971595657,
            3
        ],
        "viator": [
            0.6,
            1
        ],
        "imdb": [
            0.8333333333333333,
            2
        ],
        "newegg": [
            0.3438003220611916,
            3
        ],
        "underarmour": [
            0.7,
            2
        ],
        "gamestop": [
            0.0,
            1
        ],
        "tvguide": [
            0.6666666666666666,
            3
        ],
        "airbnb": [
            0.2727272727272727,
            1
        ],
        "new.mta.info": [
            0.7619047619047619,
            3
        ],
        "redbox": [
            0.75,
            1
        ],
        "eventbrite": [
            0.2916666666666667,
            3
        ],
        "nyc": [
            0.5,
            1
        ],
        "jetblue": [
            0.6153846153846154,
            1
        ],
        "soundcloud": [
            0.5,
            1
        ],
        "mbta": [
            0.5746753246753247,
            2
        ],
        "foxsports": [
            0.3,
            3
        ],
        "resy": [
            0.8888888888888888,
            1
        ],
        "amtrak": [
            1.0,
            1
        ],
        "booking": [
            0.10526315789473684,
            1
        ],
        "uniqlo": [
            0.7142857142857143,
            1
        ],
        "tesla": [
            1.0,
            1
        ],
        "spothero": [
            0.25,
            1
        ]
    },
    "total_page": 379,
    "total_token": 2348996
}